txn_id,member_id,txn_date,category,amount,payment_method,merchant,is_international
1,21,2025-02-20,Utilities,1109.18,Card,Amazon,1
2,78,2025-04-17,Travel,3423.45,Card,Zomato,0
3,2,2025-09-19,Food,836.63,Cash,BigBazaar,0
4,1,2025-04-29,Rent,2911.85,NetBanking,Swiggy,1
5,61,2025-04-02,Rent,4735.89,Cash,suspect,0
6,79,2025-01-20,Rent,2291.82,NetBanking,Apollo Pharmacy,1
7,14,2025-05-25,Rent,3923.85,Cash,Amazon,0
8,20,2025-07-04,Utilities,4217.03,Cash,Flipkart,0
9,74,2025-05-12,Shopping,2932.26,Cash,Amazon,1
10,27,2025-03-28,Fraud-Suspect,7191.61,Cash,Zomato,1
11,15,2025-09-29,Travel,1153.25,Card,Amazon,0
12,25,2025-05-17,Fraud-Suspect,3612.49,UPI,unknown,1
13,43,2025-03-22,Fraud-Suspect,6680.33,NetBanking,Zomato,1
14,79,2025-01-28,Travel,5479.49,NetBanking,Zomato,1
15,72,2025-07-18,Fraud-Suspect,9890.75,Card,suspect,0
16,64,2025-09-02,Food,8340.08,Cash,Swiggy,1
17,67,2025-12-04,Utilities,8927.73,Card,suspect,1
18,4,2025-02-18,Food,5110.86,Cash,unknown,1
19,64,2025-03-20,Rent,7485.13,NetBanking,Amazon,0
20,33,2025-05-11,Food,4559.94,UPI,Flipkart,0
21,55,2025-10-21,Utilities,1846.42,Card,Amazon,0
22,13,2025-05-02,Rent,1844.29,Cash,unknown,0
23,59,2025-01-18,Travel,4492.47,NetBanking,Flipkart,0
24,91,2025-11-11,Food,9873.11,Card,Apollo Pharmacy,1
25,3,2025-04-16,Fraud-Suspect,9271.21,Cash,Swiggy,0
26,14,2025-12-04,Fraud-Suspect,453.24,Cash,suspect,0
27,9,2025-04-28,Healthcare,8210.54,Card,Zomato,0
28,53,2025-10-20,Utilities,2533.82,Card,Swiggy,1
29,92,2025-05-10,Healthcare,1725.37,NetBanking,BigBazaar,1
30,75,2025-10-05,Utilities,4728.94,NetBanking,Flipkart,1
31,83,2025-11-27,Travel,5341.6,Cash,Uber,0
32,41,2025-10-10,Rent,6275.97,Cash,Flipkart,0
33,64,2025-10-09,Travel,1394.96,Card,Flipkart,1
34,5,2025-03-18,Food,6674.55,NetBanking,Uber,1
35,58,2025-03-19,Shopping,1705.46,NetBanking,Amazon,1
36,50,2025-01-05,Travel,8076.7,Card,Flipkart,0
37,72,2025-12-12,Travel,3248.31,Cash,BigBazaar,0
38,53,2025-11-10,Utilities,1018.52,UPI,Flipkart,0
39,42,2025-04-28,Fraud-Suspect,6601.26,Card,Flipkart,1
40,60,2025-06-18,Healthcare,7066.18,Cash,Uber,1
41,62,2025-10-30,Food,5114.38,Card,suspect,1
42,77,2025-09-10,Shopping,4805.17,Cash,unknown,1
43,35,2025-04-25,Shopping,5674.5,NetBanking,unknown,1
44,97,2025-08-28,Fraud-Suspect,5020.39,NetBanking,Uber,0
45,80,2025-09-04,Travel,9321.25,Cash,Swiggy,0
46,88,2025-03-26,Travel,549.79,NetBanking,unknown,0
47,85,2025-12-11,Food,8929.69,Cash,Zomato,0
48,75,2025-06-08,Travel,3675.59,Cash,unknown,1
49,39,2025-03-15,Travel,6533.96,NetBanking,suspect,1
50,87,2025-11-30,Food,6080.91,Cash,suspect,1
51,18,2025-08-03,Shopping,865.11,Card,suspect,0
52,89,2024-12-22,Travel,6712.48,Card,Apollo Pharmacy,1
53,8,2025-04-06,Rent,1139.64,Card,Apollo Pharmacy,0
54,13,2025-10-10,Fraud-Suspect,4675.66,Card,Flipkart,1
55,21,2025-10-01,Travel,4306.16,UPI,Flipkart,1
56,97,2025-06-17,Rent,6962.24,Cash,suspect,0
57,59,2025-11-12,Travel,2791.58,Cash,Uber,1
58,67,2025-04-03,Utilities,2050.72,Card,Flipkart,1
59,80,2025-09-09,Travel,1233.07,Card,unknown,1
60,76,2025-03-07,Fraud-Suspect,3151.38,NetBanking,Swiggy,1
61,66,2025-02-06,Travel,3268.23,Card,unknown,0
62,6,2025-08-16,Shopping,8530.4,NetBanking,Amazon,1
63,66,2025-06-24,Travel,1712.48,Card,Apollo Pharmacy,0
64,35,2025-05-12,Rent,9627.51,Card,unknown,1
65,29,2025-08-02,Travel,2910.47,NetBanking,Apollo Pharmacy,1
66,69,2025-09-04,Food,5400.1,Cash,Zomato,1
67,89,2025-08-25,Rent,6460.9,NetBanking,Flipkart,0
68,100,2025-03-07,Healthcare,7678.64,NetBanking,Flipkart,1
69,76,2025-11-01,Fraud-Suspect,7855.51,NetBanking,Zomato,0
70,78,2025-11-09,Rent,4038.14,Cash,unknown,0
71,16,2025-12-15,Shopping,2179.36,Card,Apollo Pharmacy,0
72,70,2025-11-21,Rent,4506.41,Cash,Amazon,1
73,19,2025-11-02,Rent,6970.7,Cash,Zomato,0
74,79,2025-07-12,Travel,2612.98,Card,Uber,1
75,31,2025-07-26,Utilities,676.76,Card,Swiggy,0
76,35,2025-07-16,Fraud-Suspect,9635.04,Card,Uber,0
77,81,2025-04-17,Fraud-Suspect,4827.9,UPI,Zomato,1
78,70,2025-03-31,Travel,7928.13,NetBanking,unknown,0
79,22,2025-09-05,Shopping,7370.41,Card,Uber,0
80,72,2025-02-20,Travel,262.03,NetBanking,Apollo Pharmacy,1
81,56,2025-04-03,Travel,1915.84,UPI,Zomato,1
82,14,2025-03-01,Utilities,1601.24,Cash,Zomato,0
83,1,2025-01-17,Rent,2094.06,NetBanking,suspect,1
84,83,2025-01-18,Healthcare,7863.59,Cash,Uber,0
85,37,2025-03-08,Food,5090.81,Cash,BigBazaar,0
86,35,2025-04-19,Food,9637.64,Cash,Amazon,0
87,78,2025-05-16,Utilities,2260.97,NetBanking,Apollo Pharmacy,1
88,88,2025-04-22,Shopping,9696.82,NetBanking,Swiggy,1
89,39,2025-08-28,Food,6271.23,NetBanking,Flipkart,1
90,78,2025-10-20,Travel,182.98,NetBanking,Swiggy,1
91,20,2025-02-26,Fraud-Suspect,7974.53,UPI,Flipkart,1
92,52,2025-11-25,Utilities,3827.83,Cash,Swiggy,1
93,65,2025-05-24,Shopping,2929.4,Cash,Uber,0
94,99,2025-07-23,Travel,2744.7,NetBanking,Zomato,0
95,17,2025-04-03,Fraud-Suspect,2559.9,Cash,Zomato,0
96,9,2025-07-14,Rent,4887.82,NetBanking,Flipkart,0
97,42,2025-09-21,Fraud-Suspect,6520.29,NetBanking,Uber,1
98,51,2025-11-25,Rent,5334.14,Cash,Amazon,0
99,32,2025-11-21,Shopping,710.37,Cash,suspect,1
100,26,2024-12-27,Travel,4375.47,NetBanking,Zomato,1
101,14,2025-07-29,Utilities,3676.51,Card,unknown,0
102,86,2025-05-03,Food,5451.29,NetBanking,BigBazaar,1
103,52,2025-09-04,Fraud-Suspect,7280.56,Card,Zomato,0
104,46,2025-05-12,Rent,1258.73,Cash,unknown,1
105,56,2025-07-03,Healthcare,6929.88,Cash,Swiggy,0
106,59,2025-10-25,Utilities,5861.55,Cash,Apollo Pharmacy,1
107,76,2025-08-05,Travel,4796.71,Card,Amazon,0
108,63,2025-12-03,Utilities,1817.95,Cash,BigBazaar,1
109,56,2025-07-13,Travel,2016.56,Cash,Uber,0
110,63,2025-02-28,Rent,9355.78,Card,Apollo Pharmacy,0
111,92,2025-10-16,Shopping,8324.32,UPI,suspect,1
112,77,2025-07-05,Utilities,2613.35,Card,Flipkart,0
113,47,2025-06-07,Travel,3041.19,Cash,BigBazaar,0
114,81,2024-12-20,Shopping,6401.6,UPI,unknown,1
115,3,2025-10-23,Healthcare,3134.12,UPI,BigBazaar,0
116,42,2025-04-13,Travel,8655.34,UPI,Uber,0
117,66,2024-12-17,Fraud-Suspect,9995.1,Cash,BigBazaar,0
118,10,2025-11-14,Shopping,5212.27,UPI,Apollo Pharmacy,1
119,45,2025-01-20,Utilities,6616.26,Card,Apollo Pharmacy,1
120,20,2025-07-28,Fraud-Suspect,1486.38,Card,Flipkart,1
121,77,2025-04-30,Shopping,9211.64,Card,unknown,0
122,79,2025-05-06,Utilities,6948.15,Card,Zomato,0
123,23,2025-11-04,Fraud-Suspect,5093.56,Card,Flipkart,1
124,29,2025-08-12,Fraud-Suspect,9962.4,Card,Apollo Pharmacy,0
125,21,2024-12-16,Food,9120.61,Cash,Uber,0
126,55,2025-02-21,Travel,1795.88,Cash,Zomato,1
127,48,2025-05-08,Fraud-Suspect,9926.89,UPI,Swiggy,0
128,55,2025-09-11,Rent,2658.75,Card,BigBazaar,0
129,94,2025-12-10,Utilities,8566.24,Cash,Swiggy,0
130,30,2025-04-03,Rent,2007.33,NetBanking,BigBazaar,1
131,30,2025-04-06,Food,6099.54,UPI,Uber,0
132,87,2025-10-22,Fraud-Suspect,7674.3,NetBanking,Swiggy,1
133,75,2025-06-25,Food,8149.31,UPI,Zomato,0
134,66,2025-02-11,Shopping,5354.54,UPI,Apollo Pharmacy,1
135,45,2025-11-13,Rent,5462.51,NetBanking,suspect,1
136,17,2025-04-05,Rent,3487.57,UPI,BigBazaar,0
137,97,2025-11-16,Rent,7636.78,NetBanking,Flipkart,0
138,65,2025-10-15,Healthcare,8829.02,Cash,Swiggy,0
139,64,2025-04-08,Utilities,2273.27,UPI,suspect,0
140,81,2025-05-26,Rent,493.34,Cash,unknown,1
141,7,2025-09-30,Shopping,3714.91,Card,unknown,0
142,50,2025-09-01,Utilities,241.91,Cash,unknown,1
143,26,2025-04-15,Travel,836.68,Cash,Uber,1
144,75,2025-04-01,Travel,5151.6,Card,suspect,1
145,1,2025-03-13,Utilities,1735.71,Cash,unknown,1
146,11,2025-10-04,Utilities,8823.41,Cash,Amazon,1
147,23,2025-05-14,Fraud-Suspect,9493.06,Cash,Flipkart,0
148,59,2025-03-27,Rent,2937.79,UPI,Apollo Pharmacy,0
149,38,2025-06-25,Fraud-Suspect,6018.56,UPI,Swiggy,1
150,85,2025-01-14,Food,7306.33,Card,suspect,1
151,26,2025-03-05,Travel,213.85,UPI,BigBazaar,1
152,73,2025-03-07,Travel,7267.38,UPI,BigBazaar,1
153,51,2025-03-02,Healthcare,1339.76,Cash,unknown,1
154,71,2025-08-18,Shopping,469.88,Card,suspect,1
155,7,2025-11-02,Travel,1311.74,UPI,Apollo Pharmacy,1
156,38,2025-09-09,Fraud-Suspect,6857.36,NetBanking,Flipkart,1
157,52,2025-01-24,Shopping,2511.09,Cash,Flipkart,1
158,79,2025-08-01,Food,7282.05,Card,Swiggy,0
159,58,2025-06-04,Shopping,1998.89,NetBanking,Flipkart,1
160,17,2024-12-24,Healthcare,7258.66,Card,unknown,0
161,22,2025-04-04,Travel,5594.88,Card,suspect,1
162,54,2025-01-20,Travel,2791.87,Cash,Amazon,0
163,4,2025-10-03,Utilities,9943.62,Cash,Flipkart,0
164,40,2025-11-04,Utilities,7732.17,UPI,suspect,0
165,77,2025-03-22,Shopping,8989.82,UPI,unknown,0
166,66,2025-04-29,Rent,5603.25,Cash,unknown,1
167,70,2025-06-10,Shopping,6189.07,UPI,Apollo Pharmacy,0
168,38,2025-12-06,Shopping,5252.58,NetBanking,Amazon,0
169,68,2025-08-20,Rent,7183.55,Cash,Uber,1
170,53,2025-06-17,Travel,1116.16,Cash,Zomato,1
171,71,2025-05-17,Food,9756.39,Cash,unknown,1
172,85,2025-11-28,Utilities,6453.14,Card,Amazon,1
173,55,2025-10-30,Food,5119.54,NetBanking,unknown,0
174,37,2025-02-16,Healthcare,912.36,Cash,Amazon,1
175,19,2025-07-03,Food,8778.31,Card,Uber,1
176,36,2024-12-31,Shopping,6573.27,UPI,Uber,1
177,56,2024-12-19,Healthcare,561.93,UPI,Swiggy,0
178,40,2024-12-22,Food,8766.14,NetBanking,Flipkart,1
179,69,2025-02-06,Fraud-Suspect,4686.4,UPI,Zomato,1
180,49,2025-12-12,Food,5646.71,Cash,Zomato,1
181,88,2025-01-31,Healthcare,639.81,Card,Amazon,0
182,87,2025-10-19,Food,4449.51,Card,Zomato,0
183,76,2025-06-13,Shopping,8721.11,UPI,suspect,0
184,95,2025-02-15,Utilities,886.68,Card,suspect,1
185,67,2025-10-11,Shopping,7763.3,Card,BigBazaar,0
186,70,2025-03-03,Fraud-Suspect,5598.41,UPI,Flipkart,1
187,45,2025-10-13,Utilities,2648.77,Cash,Amazon,1
188,96,2025-06-16,Shopping,5596.63,Cash,Flipkart,0
189,55,2024-12-19,Shopping,721.32,UPI,Amazon,1
190,24,2025-06-23,Shopping,5714.73,NetBanking,Uber,1
191,74,2025-01-28,Travel,581.82,Cash,suspect,1
192,83,2025-04-20,Fraud-Suspect,7385.46,UPI,Flipkart,1
193,17,2025-09-19,Rent,7104.39,UPI,BigBazaar,1
194,78,2025-10-29,Food,7885.3,NetBanking,Flipkart,1
195,24,2025-01-01,Food,9181.97,Card,BigBazaar,1
196,26,2024-12-21,Fraud-Suspect,8722.03,NetBanking,Flipkart,0
197,75,2025-03-30,Healthcare,2722.93,NetBanking,Swiggy,1
198,97,2025-11-13,Food,8226.19,Card,suspect,0
199,2,2025-10-26,Food,4472.39,Card,suspect,1
200,89,2025-03-26,Shopping,3650.82,Cash,Zomato,0
201,10,2025-05-17,Fraud-Suspect,2337.75,NetBanking,Flipkart,1
202,86,2025-11-13,Healthcare,5063.01,Card,Flipkart,0
203,31,2025-06-12,Shopping,6234.18,NetBanking,unknown,1
204,49,2025-08-05,Utilities,9893.65,UPI,Flipkart,0
205,42,2025-12-09,Healthcare,9788.48,NetBanking,Apollo Pharmacy,1
206,75,2025-03-03,Shopping,1633.36,NetBanking,Amazon,0
207,73,2025-05-02,Utilities,2283.43,UPI,Amazon,1
208,14,2025-01-27,Travel,8111.51,Cash,Uber,0
209,12,2025-10-03,Fraud-Suspect,3342.51,NetBanking,Amazon,1
210,36,2025-08-29,Healthcare,2780.66,Card,Swiggy,0
211,85,2025-08-29,Rent,7732.26,Cash,unknown,1
212,92,2025-04-04,Healthcare,46.24,NetBanking,Uber,0
213,38,2025-03-19,Rent,3336.67,UPI,unknown,0
214,68,2024-12-18,Travel,8930.26,Cash,Amazon,1
215,13,2024-12-23,Shopping,9321.95,Card,Apollo Pharmacy,1
216,94,2025-11-04,Travel,5401.56,NetBanking,Uber,1
217,3,2025-08-09,Travel,7331.43,UPI,Apollo Pharmacy,1
218,93,2025-04-02,Travel,8742.12,Cash,unknown,1
219,42,2024-12-29,Food,1644.66,NetBanking,Zomato,1
220,4,2025-05-17,Healthcare,5348.01,Cash,BigBazaar,0
221,8,2025-11-18,Utilities,28.5,NetBanking,BigBazaar,1
222,33,2025-09-03,Travel,6070.72,NetBanking,Swiggy,1
223,45,2025-04-23,Rent,4177.89,Card,unknown,1
224,56,2024-12-17,Travel,3513.87,Card,BigBazaar,0
225,51,2025-03-06,Travel,1040.68,Card,Flipkart,0
226,52,2025-03-31,Utilities,6283.8,NetBanking,suspect,1
227,3,2025-06-08,Healthcare,164.95,UPI,Swiggy,0
228,79,2025-03-02,Utilities,9831.92,UPI,suspect,1
229,38,2025-04-29,Rent,8753.19,NetBanking,Zomato,1
230,81,2025-08-10,Utilities,3057.09,Cash,Zomato,0
231,85,2025-10-08,Travel,3243.33,UPI,Apollo Pharmacy,1
232,7,2025-01-06,Fraud-Suspect,4927.18,Card,Uber,1
233,32,2025-02-08,Travel,9879.76,Cash,unknown,1
234,55,2025-03-05,Rent,2537.83,NetBanking,unknown,1
235,67,2025-05-16,Fraud-Suspect,8072.81,NetBanking,Amazon,0
236,58,2025-12-11,Healthcare,8205.85,Card,BigBazaar,1
237,11,2025-11-27,Food,5293.62,NetBanking,unknown,1
238,43,2025-10-07,Food,8266.29,NetBanking,unknown,1
239,77,2025-11-03,Rent,8833.36,NetBanking,BigBazaar,1
240,67,2025-03-11,Food,6881.86,Cash,Zomato,1
241,66,2025-08-03,Rent,7069.94,UPI,unknown,0
242,92,2025-10-16,Healthcare,7105.67,Card,Amazon,0
243,15,2025-01-13,Rent,2491.48,NetBanking,Zomato,1
244,11,2025-05-31,Rent,969.15,Card,Apollo Pharmacy,1
245,90,2025-10-24,Healthcare,2184.79,Cash,Swiggy,1
246,83,2025-11-17,Travel,7865.95,NetBanking,Uber,0
247,11,2025-09-16,Travel,3702.61,Card,Zomato,1
248,49,2025-07-04,Utilities,6295.05,UPI,Zomato,1
249,9,2025-05-09,Fraud-Suspect,8334.77,UPI,Flipkart,0
250,63,2024-12-23,Healthcare,9585.53,Cash,suspect,1
251,73,2025-01-19,Utilities,5665.19,NetBanking,unknown,0
252,52,2025-03-05,Shopping,4590.25,Card,BigBazaar,1
253,71,2025-10-16,Food,8597.16,Card,Uber,1
254,1,2024-12-23,Rent,7625.76,NetBanking,BigBazaar,1
255,26,2025-01-27,Fraud-Suspect,1769.91,Card,unknown,1
256,85,2025-04-02,Rent,5875.06,UPI,unknown,1
257,97,2025-01-06,Travel,4416.48,UPI,Zomato,1
258,48,2025-11-10,Healthcare,6150.12,Cash,Amazon,0
259,32,2025-01-14,Rent,7271.31,NetBanking,Uber,0
260,29,2025-01-31,Fraud-Suspect,1728.75,NetBanking,unknown,1
261,42,2025-02-15,Food,8814.42,UPI,Apollo Pharmacy,1
262,40,2025-04-14,Rent,3817.88,Cash,BigBazaar,1
263,73,2025-06-07,Rent,3891.87,Card,Swiggy,0
264,75,2025-03-22,Rent,5604.91,UPI,Flipkart,1
265,17,2025-09-12,Fraud-Suspect,1742.07,Cash,suspect,0
266,72,2025-04-02,Food,8013.12,NetBanking,Amazon,1
267,47,2025-07-25,Food,2839.48,NetBanking,Zomato,1
268,42,2025-06-05,Fraud-Suspect,5749.91,Cash,suspect,1
269,26,2025-10-08,Food,617.59,UPI,Zomato,1
270,93,2025-07-31,Healthcare,5319.67,NetBanking,BigBazaar,0
271,85,2025-02-26,Utilities,9966.08,Card,Swiggy,1
272,71,2025-12-12,Rent,1755.12,Card,Apollo Pharmacy,1
273,50,2025-08-16,Fraud-Suspect,2631.73,UPI,Apollo Pharmacy,1
274,61,2025-01-09,Fraud-Suspect,4349.71,Card,Swiggy,1
275,42,2025-04-05,Fraud-Suspect,1743.83,Cash,unknown,0
276,89,2025-10-06,Rent,4233.28,UPI,suspect,1
277,66,2025-06-27,Shopping,9304.77,UPI,suspect,1
278,91,2025-12-11,Healthcare,5917.56,Cash,Apollo Pharmacy,1
279,54,2025-08-14,Utilities,8793.37,NetBanking,Apollo Pharmacy,1
280,9,2025-03-17,Utilities,8655.0,UPI,Apollo Pharmacy,1
281,25,2025-01-05,Healthcare,9126.85,NetBanking,suspect,1
282,87,2025-03-23,Shopping,412.09,UPI,suspect,1
283,76,2025-08-09,Utilities,4031.63,NetBanking,unknown,0
284,11,2025-05-31,Travel,9076.65,UPI,Zomato,0
285,100,2025-11-04,Shopping,3179.41,Cash,Flipkart,0
286,61,2025-06-05,Shopping,4781.92,NetBanking,unknown,1
287,57,2025-09-13,Shopping,6795.81,UPI,suspect,1
288,56,2025-10-31,Travel,1996.22,NetBanking,Swiggy,0
289,20,2025-07-21,Travel,5714.67,NetBanking,Amazon,0
290,29,2025-04-21,Travel,7231.92,Card,Apollo Pharmacy,0
291,31,2024-12-22,Rent,8105.65,NetBanking,Flipkart,0
292,42,2025-01-10,Healthcare,7188.97,Cash,suspect,1
293,30,2025-07-25,Fraud-Suspect,4027.02,UPI,BigBazaar,1
294,87,2025-04-21,Rent,6155.96,NetBanking,Flipkart,0
295,74,2025-05-25,Rent,4554.52,Card,Flipkart,1
296,45,2025-05-22,Rent,7716.57,Cash,BigBazaar,1
297,63,2025-12-15,Fraud-Suspect,8500.08,Cash,Amazon,0
298,64,2025-06-08,Travel,7410.78,Card,Flipkart,0
299,29,2025-09-11,Food,6423.38,Cash,suspect,0
300,21,2025-05-21,Travel,2144.57,Card,Flipkart,0
301,71,2025-01-07,Travel,9029.68,Card,Uber,1
302,38,2025-08-08,Shopping,4940.5,Cash,Swiggy,1
303,63,2025-04-08,Food,6369.81,UPI,Zomato,1
304,89,2025-06-14,Healthcare,2713.91,Cash,suspect,1
305,67,2025-05-27,Shopping,9854.12,NetBanking,Uber,0
306,67,2025-01-08,Travel,9093.93,Cash,Flipkart,0
307,48,2025-08-11,Food,6809.37,Card,Zomato,1
308,88,2025-11-08,Healthcare,5497.84,NetBanking,Uber,1
309,70,2025-09-17,Travel,8759.1,Cash,suspect,1
310,21,2025-04-23,Fraud-Suspect,6391.4,Cash,Zomato,0
311,41,2025-02-03,Fraud-Suspect,8052.42,Card,Swiggy,1
312,67,2025-10-31,Healthcare,661.48,NetBanking,suspect,0
313,27,2025-06-12,Travel,5946.77,Card,suspect,1
314,5,2025-04-02,Travel,8426.85,Card,Swiggy,1
315,39,2025-08-28,Utilities,7869.86,Card,unknown,1
316,99,2025-07-19,Healthcare,5568.13,Card,unknown,0
317,42,2025-06-15,Fraud-Suspect,5751.95,UPI,Uber,0
318,95,2025-11-13,Healthcare,9565.01,NetBanking,Amazon,1
319,28,2025-07-16,Rent,7970.74,NetBanking,suspect,1
320,4,2025-09-30,Shopping,9401.32,UPI,unknown,1
321,9,2025-02-14,Food,813.26,Card,BigBazaar,1
322,59,2025-12-13,Utilities,1009.18,UPI,unknown,1
323,56,2025-11-20,Fraud-Suspect,7053.13,NetBanking,Swiggy,1
324,58,2025-12-16,Rent,1191.72,Card,unknown,1
325,91,2025-05-07,Fraud-Suspect,5455.85,Card,suspect,0
326,55,2025-06-23,Utilities,5181.07,Cash,Swiggy,1
327,13,2024-12-16,Fraud-Suspect,3013.16,Cash,suspect,0
328,100,2025-05-16,Food,426.5,NetBanking,Zomato,1
329,84,2025-04-20,Rent,6261.91,NetBanking,unknown,0
330,76,2025-08-24,Shopping,753.46,UPI,Swiggy,1
331,87,2025-08-27,Utilities,4310.47,Cash,Zomato,0
332,41,2025-08-15,Fraud-Suspect,6322.1,Card,Amazon,0
333,84,2025-06-19,Fraud-Suspect,343.24,Card,Swiggy,0
334,55,2025-07-07,Healthcare,92.53,UPI,Flipkart,0
335,26,2025-12-06,Travel,4718.75,Cash,Zomato,0
336,45,2025-12-12,Healthcare,8576.84,Cash,Uber,1
337,82,2025-02-27,Utilities,8456.6,NetBanking,Zomato,0
338,9,2025-10-09,Shopping,5946.83,NetBanking,Apollo Pharmacy,1
339,88,2025-02-05,Fraud-Suspect,7714.58,UPI,Flipkart,1
340,53,2025-11-26,Utilities,4665.66,Cash,BigBazaar,1
341,43,2025-01-24,Rent,2077.03,Cash,Zomato,1
342,85,2025-01-26,Healthcare,8067.45,Cash,Uber,0
343,1,2025-06-10,Fraud-Suspect,5242.07,Card,unknown,1
344,57,2025-01-27,Food,7982.61,UPI,Amazon,1
345,44,2025-09-10,Utilities,6385.73,Cash,unknown,1
346,41,2025-09-01,Rent,6914.81,Cash,Flipkart,1
347,83,2025-12-02,Food,2025.06,Card,Apollo Pharmacy,0
348,21,2025-03-10,Shopping,4212.76,UPI,Swiggy,1
349,91,2024-12-16,Rent,1425.62,NetBanking,BigBazaar,1
350,26,2025-04-26,Food,2505.21,NetBanking,suspect,0
351,3,2025-10-08,Fraud-Suspect,4411.75,NetBanking,Amazon,0
352,19,2025-09-23,Utilities,2253.82,UPI,Zomato,1
353,15,2025-01-16,Rent,6394.21,UPI,Flipkart,0
354,41,2025-05-14,Rent,2398.51,UPI,Zomato,1
355,17,2025-09-05,Utilities,4919.47,NetBanking,BigBazaar,1
356,90,2025-12-06,Food,9609.8,Card,suspect,1
357,14,2024-12-30,Travel,3117.85,Card,Swiggy,1
358,30,2025-02-28,Utilities,9157.38,Cash,Uber,0
359,75,2025-11-16,Healthcare,7316.34,NetBanking,BigBazaar,1
360,95,2025-02-11,Shopping,1799.37,UPI,Zomato,0
361,94,2025-11-15,Fraud-Suspect,8209.64,Card,Amazon,1
362,38,2025-03-16,Utilities,2734.77,NetBanking,Uber,1
363,54,2025-07-14,Utilities,440.67,NetBanking,suspect,1
364,35,2025-08-14,Travel,926.79,Card,Apollo Pharmacy,0
365,37,2025-05-29,Healthcare,1562.38,NetBanking,Zomato,1
366,36,2025-05-22,Fraud-Suspect,3731.34,NetBanking,suspect,0
367,15,2025-10-30,Food,1496.84,UPI,BigBazaar,1
368,7,2025-09-16,Shopping,3048.21,Cash,Apollo Pharmacy,1
369,35,2025-11-20,Fraud-Suspect,2713.59,Card,unknown,0
370,55,2025-05-24,Utilities,9668.62,NetBanking,suspect,1
371,100,2025-03-09,Fraud-Suspect,8962.03,NetBanking,Swiggy,1
372,17,2025-04-02,Utilities,2575.91,Cash,Uber,1
373,20,2025-10-13,Fraud-Suspect,4869.95,UPI,BigBazaar,0
374,43,2025-09-18,Fraud-Suspect,8025.38,Card,Apollo Pharmacy,0
375,31,2025-05-01,Travel,7741.93,UPI,Amazon,1
376,73,2025-10-09,Rent,2593.35,NetBanking,BigBazaar,1
377,8,2025-03-04,Shopping,8042.87,NetBanking,Amazon,0
378,32,2025-12-03,Utilities,5613.35,Card,Swiggy,0
379,26,2025-03-27,Rent,1406.87,NetBanking,Flipkart,0
380,43,2025-10-04,Healthcare,8006.6,NetBanking,unknown,1
381,44,2025-07-11,Shopping,8653.48,NetBanking,Uber,0
382,28,2025-01-22,Shopping,4781.88,Card,Amazon,0
383,94,2025-07-27,Travel,6956.63,NetBanking,BigBazaar,1
384,80,2025-07-01,Travel,2088.89,NetBanking,BigBazaar,1
385,28,2025-02-17,Shopping,4347.7,Card,unknown,1
386,40,2025-07-07,Food,4963.69,Cash,Swiggy,1
387,14,2025-02-09,Rent,4587.73,NetBanking,Swiggy,1
388,1,2025-07-06,Healthcare,1256.04,UPI,unknown,1
389,41,2025-11-11,Food,7878.01,UPI,suspect,0
390,4,2025-08-07,Healthcare,4078.07,Card,BigBazaar,0
391,51,2025-07-07,Utilities,6429.09,UPI,Flipkart,1
392,92,2025-02-20,Rent,7068.02,UPI,Zomato,1
393,52,2025-04-30,Healthcare,2536.04,UPI,Amazon,0
394,2,2025-02-08,Food,3439.86,NetBanking,suspect,1
395,76,2025-09-02,Fraud-Suspect,8568.7,Cash,Apollo Pharmacy,0
396,53,2025-02-20,Utilities,1193.27,NetBanking,BigBazaar,0
397,35,2025-09-23,Food,6623.95,Cash,Zomato,0
398,71,2025-05-08,Shopping,8587.6,UPI,suspect,0
399,94,2025-10-06,Utilities,6245.66,UPI,Flipkart,0
400,56,2025-10-10,Food,9480.68,NetBanking,unknown,0
401,65,2025-10-27,Fraud-Suspect,9031.17,Cash,BigBazaar,1
402,62,2025-09-04,Rent,8649.48,Cash,Amazon,0
403,69,2025-06-19,Rent,9248.51,Cash,suspect,1
404,29,2025-01-16,Shopping,9704.57,NetBanking,Amazon,1
405,46,2025-11-21,Fraud-Suspect,9482.7,Card,BigBazaar,1
406,9,2025-05-27,Rent,5762.35,UPI,BigBazaar,0
407,61,2025-04-10,Rent,5147.62,Cash,Zomato,0
408,91,2025-01-16,Shopping,7091.13,NetBanking,Amazon,0
409,77,2025-08-17,Food,8382.06,NetBanking,Apollo Pharmacy,0
410,46,2025-10-15,Food,9469.91,UPI,Apollo Pharmacy,1
411,70,2024-12-25,Utilities,4377.25,UPI,Zomato,1
412,81,2024-12-20,Food,8831.1,Card,Flipkart,1
413,3,2025-11-24,Rent,5980.22,UPI,Swiggy,0
414,85,2025-10-11,Utilities,2700.22,NetBanking,Swiggy,1
415,51,2025-02-08,Travel,8015.84,UPI,Swiggy,1
416,86,2025-01-18,Fraud-Suspect,7787.69,Card,Amazon,0
417,7,2024-12-19,Utilities,8958.78,NetBanking,Flipkart,1
418,71,2025-01-16,Fraud-Suspect,8724.52,UPI,Uber,0
419,37,2025-01-01,Rent,2283.24,NetBanking,Zomato,0
420,54,2025-06-18,Healthcare,7804.09,Cash,Uber,1
421,74,2025-09-22,Utilities,740.43,Cash,Flipkart,0
422,58,2025-04-03,Utilities,9330.69,Card,Amazon,1
423,72,2025-09-18,Utilities,377.55,UPI,Swiggy,0
424,10,2025-07-08,Shopping,8966.67,NetBanking,Zomato,0
425,39,2025-03-02,Food,8960.69,Cash,Uber,1
426,97,2025-07-04,Rent,878.86,Card,Amazon,0
427,20,2025-07-06,Shopping,3916.55,Card,suspect,0
428,53,2025-07-20,Food,2715.8,UPI,Flipkart,0
429,81,2025-11-04,Shopping,8658.52,NetBanking,Zomato,1
430,68,2025-05-13,Travel,6330.9,Card,suspect,1
431,37,2025-05-16,Rent,9497.18,UPI,Apollo Pharmacy,1
432,24,2025-12-03,Rent,4672.59,Card,Uber,0
433,33,2025-10-14,Travel,3790.14,Card,Flipkart,0
434,48,2025-07-10,Healthcare,3145.73,Card,unknown,0
435,11,2025-05-20,Food,1696.0,Card,Apollo Pharmacy,0
436,79,2025-02-02,Food,5412.48,Cash,Flipkart,1
437,31,2025-12-10,Shopping,2690.91,Card,Swiggy,1
438,65,2025-02-14,Rent,7813.15,UPI,BigBazaar,1
439,9,2025-09-09,Rent,5134.07,Cash,Amazon,1
440,28,2025-07-08,Healthcare,9522.4,NetBanking,suspect,0
441,35,2025-07-20,Utilities,6919.44,NetBanking,Swiggy,1
442,59,2025-08-31,Food,3808.58,Cash,Uber,0
443,92,2025-10-26,Fraud-Suspect,4072.69,UPI,Amazon,0
444,49,2025-02-20,Healthcare,4695.01,NetBanking,Uber,1
445,58,2025-06-11,Fraud-Suspect,358.81,Card,Swiggy,0
446,5,2025-08-07,Rent,7194.47,Card,Flipkart,1
447,13,2025-03-16,Shopping,7836.88,NetBanking,Zomato,1
448,89,2025-01-25,Food,4437.82,NetBanking,Amazon,1
449,6,2024-12-27,Fraud-Suspect,8858.69,Cash,suspect,0
450,8,2025-01-08,Travel,4618.16,NetBanking,unknown,1
451,86,2025-03-04,Fraud-Suspect,2872.3,NetBanking,suspect,0
452,21,2025-06-21,Fraud-Suspect,2758.89,Card,Apollo Pharmacy,1
453,8,2025-03-29,Travel,9288.04,Cash,unknown,1
454,93,2025-08-11,Rent,3767.62,Card,Swiggy,0
455,63,2025-10-12,Travel,1868.85,Cash,unknown,0
456,40,2025-10-13,Rent,5137.43,Cash,unknown,0
457,69,2025-09-24,Fraud-Suspect,8769.0,UPI,Apollo Pharmacy,1
458,5,2025-02-22,Utilities,1134.02,Cash,Swiggy,1
459,31,2025-12-05,Utilities,8587.1,Card,Amazon,1
460,23,2025-07-31,Travel,587.16,NetBanking,Apollo Pharmacy,1
461,95,2025-11-21,Healthcare,2803.97,UPI,Amazon,0
462,22,2024-12-20,Travel,6348.24,Cash,Uber,0
463,43,2025-10-29,Shopping,2683.37,UPI,suspect,1
464,8,2025-06-23,Shopping,8966.27,Cash,Amazon,0
465,23,2025-04-14,Rent,4542.65,UPI,Uber,0
466,39,2025-08-19,Food,2193.68,NetBanking,Zomato,1
467,100,2025-11-24,Food,1837.15,NetBanking,Uber,0
468,64,2025-04-07,Travel,4951.64,NetBanking,BigBazaar,1
469,51,2025-06-03,Utilities,3666.66,UPI,Amazon,0
470,26,2025-09-29,Shopping,5085.56,Cash,Zomato,0
471,75,2025-07-27,Food,9005.64,Cash,unknown,1
472,59,2025-12-06,Fraud-Suspect,4762.76,Cash,Zomato,1
473,36,2025-01-31,Rent,9712.01,UPI,Apollo Pharmacy,0
474,14,2025-02-03,Utilities,7625.15,UPI,suspect,1
475,20,2025-01-20,Healthcare,640.96,NetBanking,BigBazaar,1
476,31,2025-10-24,Food,9530.54,Cash,BigBazaar,0
477,46,2025-04-08,Utilities,1242.38,Cash,Zomato,1
478,62,2025-12-08,Healthcare,83.04,UPI,Amazon,0
479,92,2025-02-24,Food,4494.73,Card,Zomato,0
480,49,2025-05-25,Food,5163.48,Card,Apollo Pharmacy,0
481,82,2025-06-23,Food,4655.48,Cash,unknown,0
482,4,2025-11-27,Fraud-Suspect,5274.74,Cash,Uber,1
483,15,2025-02-08,Travel,480.05,Cash,Zomato,0
484,15,2025-01-13,Food,6833.12,Cash,Zomato,0
485,79,2025-10-19,Rent,9653.57,Card,Uber,0
486,19,2025-04-12,Travel,7766.73,NetBanking,Zomato,1
487,86,2025-07-18,Shopping,8058.47,UPI,Amazon,0
488,39,2025-08-18,Fraud-Suspect,139.64,NetBanking,Zomato,1
489,81,2025-10-07,Rent,9699.0,Cash,Uber,0
490,52,2025-12-03,Utilities,2550.55,Card,suspect,0
491,27,2025-01-30,Food,8656.64,NetBanking,Swiggy,0
492,78,2025-01-03,Rent,9181.82,NetBanking,Amazon,0
493,74,2025-09-23,Utilities,7633.24,UPI,suspect,0
494,19,2025-02-28,Food,3568.71,UPI,Flipkart,1
495,33,2025-11-10,Fraud-Suspect,5165.68,UPI,Amazon,1
496,75,2025-10-30,Healthcare,6081.72,UPI,Uber,0
497,58,2025-02-14,Healthcare,4945.9,Cash,Zomato,1
498,40,2025-05-22,Fraud-Suspect,6958.19,Card,Uber,1
499,63,2025-11-09,Shopping,5757.45,NetBanking,Flipkart,1
500,6,2025-09-24,Fraud-Suspect,106.48,NetBanking,suspect,1
